<?xml version="1.0" encoding="UTF-8" ?>
<configuration>

    <conversionRule conversionWord="clr" converterClass="org.springframework.boot.logging.logback.ColorConverter" />
    <conversionRule conversionWord="wex" converterClass="org.springframework.boot.logging.logback.WhitespaceThrowableProxyConverter" />
    <conversionRule conversionWord="wEx" converterClass="org.springframework.boot.logging.logback.ExtendedWhitespaceThrowableProxyConverter" />
    <!-- 彩色日志格式， -->
    <property name="CONSOLE_LOG_PATTERN" value="${CONSOLE_LOG_PATTERN:-%clr(%d{yyyy-MM-dd HH:mm:ss.SSS}){faint} %clr(${LOG_LEVEL_PATTERN:-%5p}) %clr(${PID:- }){magenta} %clr(---){faint} %clr([%15.15t]){faint} %clr(%-40.40logger{39}){cyan} %clr(:){faint} %m%n${LOG_EXCEPTION_CONVERSION_WORD:-%wEx}}" />

    <property name="LOG_HOME" value="./logs/account_migrate" />

    <appender name="CONSOLE" class="ch.qos.logback.core.ConsoleAppender">
        <encoder charset="UTF-8">
            <pattern>[%d{yyyy-MM-dd HH:mm:ss.SSS}] %level [%thread] %file:%line - %msg%n</pattern>
            <charset>UTF-8</charset>
        </encoder>
    </appender>

    <appender name="SYS_INFO" class="ch.qos.logback.core.rolling.RollingFileAppender">
        <File>${LOG_HOME}/info.log</File>
        <append>true</append>
        <!--过滤器,只打INFO级别的日志-->
        <filter class="ch.qos.logback.classic.filter.LevelFilter">
            <level>INFO</level>
            <onMatch>ACCEPT</onMatch>
            <onMismatch>DENY</onMismatch>
        </filter>
        <rollingPolicy class="ch.qos.logback.core.rolling.TimeBasedRollingPolicy">
            <fileNamePattern>${LOG_HOME}/info.log.%d</fileNamePattern>
            <maxHistory>30</maxHistory>
        </rollingPolicy>

        <encoder charset="UTF-8">
            <pattern>[%d{yyyy-MM-dd HH:mm:ss.SSS}] %level [%thread] %file:%line - %msg%n</pattern>
            <charset>UTF-8</charset>
        </encoder>
    </appender>

    <appender name="SYS_ERROR" class="ch.qos.logback.core.rolling.RollingFileAppender">
        <File>${LOG_HOME}/error.log</File>
        <append>true</append>
        <!--过滤器,只打ERROR级别的日志-->
        <filter class="ch.qos.logback.classic.filter.LevelFilter">
            <level>ERROR</level>
            <onMatch>ACCEPT</onMatch>
            <onMismatch>DENY</onMismatch>
        </filter>
        <rollingPolicy class="ch.qos.logback.core.rolling.TimeBasedRollingPolicy">
            <fileNamePattern>${LOG_HOME}/error.log.%d</fileNamePattern>
            <maxHistory>12</maxHistory>
        </rollingPolicy>

        <encoder charset="UTF-8">
            <pattern>[%d{yyyy-MM-dd HH:mm:ss.SSS}] %level [%thread] %file:%line - %msg%n</pattern>
            <charset>UTF-8</charset>
        </encoder>
    </appender>

    <!--info和error分开打印-->
    <root level="INFO">
        <appender-ref ref="CONSOLE"/>
        <appender-ref ref="SYS_INFO"/>
        <appender-ref ref="SYS_ERROR"/>
    </root>

</configuration>